{
  "bindings": [
    {
      "name": "ActivityInput",
      "type": "activityTrigger",
      "direction": "in"
    },
    {
      "name": "riskyUsersRawOut",
      "type": "cosmosDB",
      "direction": "out",
      "databaseName": "EntraData",
      "containerName": "risky_users_raw",
      "connection": "CosmosDbConnectionString",
      "createIfNotExists": false,
      "partitionKey": "/objectId"
    },
    {
      "name": "riskyUserChangesOut",
      "type": "cosmosDB",
      "direction": "out",
      "databaseName": "EntraData",
      "containerName": "risky_user_changes",
      "connection": "CosmosDbConnectionString",
      "createIfNotExists": false,
      "partitionKey": "/snapshotId"
    },
    {
      "name": "snapshotsOut",
      "type": "cosmosDB",
      "direction": "out",
      "databaseName": "EntraData",
      "containerName": "snapshots",
      "connection": "CosmosDbConnectionString",
      "createIfNotExists": false,
      "partitionKey": "/id"
    },
    {
      "name": "riskyUsersRawIn",
      "type": "cosmosDB",
      "direction": "in",
      "databaseName": "EntraData",
      "containerName": "risky_users_raw",
      "connection": "CosmosDbConnectionString",
      "sqlQuery": "SELECT c.objectId, c.userPrincipalName, c.userDisplayName, c.riskLevel, c.riskState, c.riskDetail, c.riskLastUpdatedDateTime, c.isDeleted, c.isProcessing, c.lastModified, c.deleted FROM c"
    }
  ]
}
