{
  "version": "2.0",
  "logging": {
    "logLevel": {
      "default": "Information",
      "Host.Results": "Information",
      "Function": "Information",
      "Host.Aggregator": "Information"
    },
    "applicationInsights": {
      "samplingSettings": {
        "isEnabled": true,
        "maxTelemetryItemsPerSecond": 20,
        "excludedTypes": "Request"
      }
    }
  },
  "extensions": {
    "durableTask": {
      "hubName": "EntraRiskHub",
      "storageProvider": {
        "connectionStringName": "AzureWebJobsStorage"
      }
    }
  },
  "extensionBundle": {
    "id": "Microsoft.Azure.Functions.ExtensionBundle",
    "version": "[4.*, 5.0.0)"
  },
  "functionTimeout": "00:10:00"
}
