{
  "IsEncrypted": false,
  "Values": {
    "FUNCTIONS_WORKER_RUNTIME": "powershell",
    "AzureWebJobsStorage": "UseDevelopmentStorage=true",
    "CosmosDbConnectionString": "AccountEndpoint=https://cosno-entrarisk-dev-36jut3xd6y2so.documents.azure.com:443/;AccountKey=VcjPbtu76PMUb6pVfu1wcgvg4NRq8O82KVOgg5LrfH770eOQBeT1kTQG7iziJB791AnE0akkdIWPACDbBlczYg==;",
    "COSMOS_DB_ENDPOINT": "https://cosno-entrarisk-dev-36jut3xd6y2so.documents.azure.com:443/",
    "COSMOS_DB_DATABASE": "EntraData",
    "TENANT_ID": "your-tenant-id"
  },
  "ConnectionStrings": {}
}