{
  "bindings": [
    {
      "name": "ActivityInput",
      "type": "activityTrigger",
      "direction": "in"
    },
    {
      "name": "rolePoliciesRawOut",
      "type": "cosmosDB",
      "direction": "out",
      "databaseName": "EntraData",
      "containerName": "role_policies_raw",
      "connection": "CosmosDbConnectionString",
      "createIfNotExists": false,
      "partitionKey": "/objectId"
    },
    {
      "name": "rolePolicyChangesOut",
      "type": "cosmosDB",
      "direction": "out",
      "databaseName": "EntraData",
      "containerName": "role_policy_changes",
      "connection": "CosmosDbConnectionString",
      "createIfNotExists": false,
      "partitionKey": "/snapshotId"
    },
    {
      "name": "snapshotsOut",
      "type": "cosmosDB",
      "direction": "out",
      "databaseName": "EntraData",
      "containerName": "snapshots",
      "connection": "CosmosDbConnectionString",
      "createIfNotExists": false,
      "partitionKey": "/id"
    },
    {
      "name": "rolePoliciesRawIn",
      "type": "cosmosDB",
      "direction": "in",
      "databaseName": "EntraData",
      "containerName": "role_policies_raw",
      "connection": "CosmosDbConnectionString",
      "sqlQuery": "SELECT c.objectId, c.displayName, c.scopeId, c.scopeType, c.rules, c.effectiveRules, c.lastModifiedDateTime, c.lastModified, c.deleted FROM c"
    }
  ]
}
