{
  "bindings": [
    {
      "name": "ActivityInput",
      "type": "activityTrigger",
      "direction": "in"
    },
    {
      "name": "directoryRolesRawOut",
      "type": "cosmosDB",
      "direction": "out",
      "databaseName": "EntraData",
      "containerName": "directory_roles_raw",
      "connection": "CosmosDbConnectionString",
      "createIfNotExists": false,
      "partitionKey": "/objectId"
    },
    {
      "name": "directoryRoleChangesOut",
      "type": "cosmosDB",
      "direction": "out",
      "databaseName": "EntraData",
      "containerName": "directory_role_changes",
      "connection": "CosmosDbConnectionString",
      "createIfNotExists": false,
      "partitionKey": "/snapshotId"
    },
    {
      "name": "snapshotsOut",
      "type": "cosmosDB",
      "direction": "out",
      "databaseName": "EntraData",
      "containerName": "snapshots",
      "connection": "CosmosDbConnectionString",
      "createIfNotExists": false,
      "partitionKey": "/id"
    },
    {
      "name": "directoryRolesRawIn",
      "type": "cosmosDB",
      "direction": "in",
      "databaseName": "EntraData",
      "containerName": "directory_roles_raw",
      "connection": "CosmosDbConnectionString",
      "sqlQuery": "SELECT c.objectId, c.displayName, c.description, c.roleTemplateId, c.isPrivileged, c.memberCount, c.members, c.lastModified, c.deleted FROM c"
    }
  ]
}
