{
  "bindings": [
    {
      "name": "ActivityInput",
      "type": "activityTrigger",
      "direction": "in"
    },
    {
      "name": "directoryAuditsOut",
      "type": "cosmosDB",
      "direction": "out",
      "databaseName": "EntraData",
      "containerName": "directory_audits",
      "connection": "CosmosDbConnectionString",
      "createIfNotExists": false,
      "partitionKey": "/id"
    },
    {
      "name": "snapshotsOut",
      "type": "cosmosDB",
      "direction": "out",
      "databaseName": "EntraData",
      "containerName": "snapshots",
      "connection": "CosmosDbConnectionString",
      "createIfNotExists": false,
      "partitionKey": "/id"
    }
  ]
}
